customerId,recommendedProducts
1553,5|2|33|14|1|47|17|21|59|111
20400,6|26|10|54|87|154|32|128|277|129
19750,20|30|89|21|56|135|4|186|100|206
6334,2|1|5|14|17|0|33|19|21|3
27773,16|40|55|60|81|63|130|35|290|108
20027,71|37|15|4|13|98|57|7|160|34
10104,9|42|217|64|51|156|45|88|63|50
5522,13|35|21|47|61|65|19|5|14|69
9978,71|4|13|22|7|57|31|77|24|121
20966,13|69|52|72|43|59|84|271|65|16
218,15|37|8|2|34|14|44|49|38|36
9023,2|1|19|14|8|106|96|15|126|5
22253,11|23|29|57|44|40|5|198|67|35
1705,2|5|33|17|1|14|59|19|76|47
10526,1|2|21|0|5|14|17|95|30|61
13702,7|26|6|10|1|32|54|0|24|4
18388,0|15|1|18|10|2|98|54|12|16
6591,5|2|33|1|59|14|17|69|47|103
821,10|26|54|0|4|98|7|220|6|129
15830,0|39|12|1|86|146|51|122|147|66
18056,51|42|64|156|9|105|88|45|203|118
13225,6|15|1|2|26|98|54|115|0|10
4871,1|2|21|4|7|5|30|13|59|31
16104,91|105|71|97|152|78|137|228|85|136
5365,13|6|4|7|26|10|77|24|71|84
7180,1|0|21|2|30|146|89|199|39|86
7096,1|2|0|15|14|5|19|21|61|115
21259,9|30|56|20|45|17|99|93|89|139
14082,16|55|18|81|53|43|40|12|57|13
14748,15|2|0|126|1|115|19|96|106|82
26434,18|16|40|12|28|0|66|55|73|80
12641,40|45|9|28|73|16|63|130|50|108
14102,3|62|67|70|116|138|46|11|23|188
18038,40|18|28|16|73|267|0|130|12|55
4175,20|89|1|135|25|2|41|165|232|17
18051,15|22|98|134|147|137|225|148|153|141
15867,1|7|22|0|2|24|6|26|98|32
1043,2|14|15|5|6|13|26|72|25|33
11837,26|6|32|25|220|51|27|54|87|154
2831,0|12|1|2|3|11|23|66|70|67
19026,42|6|9|57|24|50|26|133|45|64
6769,1|30|21|2|39|147|7|4|22|17
23105,226|59|103|171|271|213|52|69|33|72
8475,43|13|84|44|25|16|35|52|72|104
19762,26|6|10|54|87|32|128|129|154|220
13658,26|1|6|54|10|2|32|0|246|7
9806,2|1|19|3|14|87|106|17|47|85
4618,1|2|15|0|14|44|8|5|34|37
5648,105|2|14|113|228|137|233|141|143|97
4659,8|36|38|48|96|79|49|126|179|110
15831,64|88|41|156|68|111|193|51|13|42
9796,13|4|7|52|42|65|43|93|77|9
14723,2|1|5|0|14|33|17|59|15|19
18268,8|36|48|38|49|79|180|100|177|102
23277,134|148|181|170|137|39|152|78|168|124
17031,4|77|13|71|7|65|208|24|57|283
12535,42|57|108|45|133|9|43|24|63|34
13529,1|0|2|31|7|5|4|22|60|59
13433,51|9|30|78|174|97|42|136|94|137
539,2|8|21|44|17|1|14|47|5|36
26263,2|1|5|33|17|14|59|0|76|19
23162,6|26|87|10|128|54|129|154|75|32
21386,4|71|7|65|77|98|13|39|147|208
9961,26|10|6|54|32|7|0|1|129|154
8931,4|13|65|71|77|7|208|51|42|52
15567,2|17|5|14|1|33|47|19|3|11
26760,6|26|10|54|32|87|128|129|27|246
15913,39|11|141|78|23|94|97|137|29|153
9954,7|4|42|24|30|101|9|77|131|50
1127,5|41|1|68|33|59|95|21|39|17
122,1|11|5|24|17|31|7|9|142|29
2396,13|4|7|77|71|24|65|57|42|43
8865,1|2|31|59|230|5|0|17|19|3
7274,1|19|2|21|5|17|59|60|31|69
22303,59|17|5|19|33|69|21|52|47|85
11167,9|45|50|63|282|133|24|42|64|131
12750,20|102|25|44|206|186|135|177|163|8
16450,4|7|52|84|13|20|65|25|77|67
7650,2|1|5|14|17|0|33|19|21|3
15309,1|2|5|17|31|33|76|7|13|52
6455,40|35|108|45|92|104|63|212|16|5
27097,5|2|47|14|16|33|18|21|12|61
7118,9|45|50|24|63|133|42|282|101|64
21658,20|112|25|8|100|36|177|48|38|34
22172,69|59|19|52|103|111|195|13|33|5
1037,20|25|0|26|1|12|7|54|16|72
2478,15|96|82|14|61|2|126|4|106|19
11468,0|18|12|1|16|53|55|21|296|66
5684,9|45|42|64|63|50|133|218|156|282
10550,13|52|69|59|65|5|43|17|111|33
28099,80|123|18|40|12|28|73|16|66|236
5095,0|15|12|24|1|34|66|37|7|18
15398,0|1|7|12|9|24|26|32|50|140
25235,103|171|226|59|72|33|69|213|271|91
24909,82|173|25|16|126|15|12|98|54|55
22608,13|24|1|7|57|77|2|71|4|50
12532,1|2|14|5|17|9|50|21|101|45
20624,2|5|33|1|17|14|59|19|76|117
21949,1|2|17|5|31|11|22|3|23|29
18445,1|59|5|2|60|17|69|95|31|52
4152,42|20|43|65|13|93|52|30|51|60
3223,13|4|43|57|24|7|77|65|84|71
22559,91|14|110|162|2|47|49|219|143|105
4,15|9|51|12|42|192|63|21|1|78
6182,2|1|3|17|19|5|76|254|59|33
3240,2|1|14|143|9|21|97|136|91|78
15786,1|0|2|10|54|7|31|6|26|4
27647,16|40|18|55|28|81|12|73|66|53
20961,11|23|29|3|107|46|53|59|70|62
7551,6|26|128|87|54|25|32|284|246|20
5562,6|26|24|32|54|10|9|27|50|154
1412,2|1|17|31|5|19|3|11|14|23
15358,4|7|30|22|147|146|39|189|98|1
6680,2|33|5|59|17|1|19|226|117|103
25644,51|13|42|26|77|71|65|6|208|64
25532,9|1|50|45|2|63|24|131|14|133
15012,1|31|2|7|4|0|22|230|60|13
10820,85|3|247|71|185|62|150|187|4|219
12142,20|25|89|135|172|206|127|165|281|239
22182,2|1|14|5|17|33|0|19|21|47
19554,16|12|18|40|15|80|55|66|81|0
1851,4|19|1|31|59|13|2|0|84|52
13114,4|26|10|6|7|54|1|13|0|98
6344,5|33|17|2|20|92|76|25|44|13
16605,0|1|54|12|2|10|32|40|18|66
7326,49|8|149|48|38|36|110|136|143|79
26978,11|23|29|107|46|114|92|224|40|198
19298,9|45|50|24|63|131|99|56|20|139
13821,13|43|42|24|7|45|63|93|50|9
12735,2|1|14|15|19|112|21|5|100|96
14483,1|0|30|39|95|21|86|2|12|146
11523,26|6|9|32|24|57|64|27|50|51
7919,1|2|14|0|5|9|17|50|24|22
9398,11|23|29|3|107|46|62|70|67|116
9173,2|11|3|23|29|14|46|1|17|164
16005,1|2|21|4|13|7|5|59|65|52
1653,88|6|8|47|96|19|106|14|25|87
7153,53|69|55|60|21|30|296|16|119|61
1783,1|2|9|50|24|45|5|0|14|17
261,1|2|17|5|0|76|20|89|3|95
11330,4|7|52|13|65|31|84|22|77|30
6803,5|1|18|0|2|40|12|33|16|21
3171,20|15|25|100|112|16|12|8|56|44
2892,13|6|10|26|72|54|87|128|129|4
4717,37|34|49|8|15|110|48|113|38|264
2815,71|4|13|46|77|231|11|57|24|7
1090,13|72|84|4|1|52|54|5|10|31
3773,3|222|2|161|6|62|67|70|0|54
7443,2|1|31|0|59|5|11|19|23|85
1111,20|4|84|52|65|135|280|206|25|172
16143,5|2|1|17|33|76|63|45|92|95
10923,137|39|147|78|136|97|86|94|141|124
14443,9|50|45|174|51|101|131|149|141|63
1042,13|9|64|20|45|7|4|67|6|24
4527,9|1|15|26|0|20|25|51|12|50
1073,3|17|39|68|41|76|62|5|86|89
4613,13|65|42|4|43|7|52|158|77|93
14032,34|37|15|8|109|113|36|38|48|79
5430,41|68|226|193|88|52|87|122|89|213
2202,2|1|6|15|0|37|34|46|3|161
4405,3|2|17|21|150|1|14|151|47|39
2417,80|18|123|12|46|11|16|71|53|23
20858,4|13|160|43|16|53|84|55|31|57
7510,13|43|52|84|72|20|4|65|25|142
3593,2|1|19|14|85|21|106|47|61|91
9960,9|20|41|76|30|21|1|17|63|45
8734,15|34|49|37|8|44|2|12|1|36
25294,6|26|10|54|87|32|128|154|129|220
6646,51|68|41|88|39|105|122|86|203|193
4524,168|124|78|51|225|97|94|170|105|148
19004,25|35|44|13|108|43|72|20|104|16
263,16|55|12|18|40|81|0|53|66|60
320,2|91|14|21|47|105|97|162|1|78
16393,30|1|21|56|7|60|0|238|93|9
6326,21|2|1|47|17|14|61|19|5|76
11321,51|39|41|86|68|122|94|105|88|118
8844,43|13|42|108|35|64|285|63|45|104
7625,0|1|2|10|54|129|128|87|5|15
9646,80|40|18|123|16|28|73|12|66|245
6166,2|1|3|11|23|5|29|17|0|59
2052,2|11|1|23|0|29|40|5|18|107
2626,20|5|25|17|1|2|76|67|3|33
9889,2|26|6|117|11|33|10|5|87|14
16409,2|1|14|21|15|8|61|49|47|112
7005,78|141|97|94|51|153|137|124|15|192
13181,1|0|2|54|4|25|10|5|122|7
4442,2|1|5|19|14|17|33|59|0|3
7846,30|147|39|137|86|21|174|78|94|221
19221,1|0|2|12|15|5|18|31|66|28
9155,2|3|11|23|29|46|17|1|107|164
4070,61|8|20|39|96|36|126|106|47|25
1416,26|6|2|32|51|64|1|11|117|10
22687,20|25|135|41|89|172|122|68|127|227
14865,24|9|50|7|45|1|133|101|140|63
4087,24|1|2|9|37|101|49|34|50|14
17361,63|45|42|9|13|50|43|93|1|5
250,26|6|88|51|25|41|87|122|128|220
6799,2|3|11|23|17|14|29|46|62|5
19910,22|24|70|67|121|7|62|116|278|209
8230,2|1|5|21|17|14|47|33|76|95
26590,64|35|63|45|197|92|108|104|88|156
6777,5|2|33|14|19|35|1|17|47|59
26618,92|9|45|41|40|64|130|118|234|63
27551,8|49|48|38|36|110|79|37|190|243
10018,2|11|23|46|1|3|6|32|26|22
862,2|3|19|39|85|152|46|47|0|11
3984,143|2|9|101|136|105|78|14|97|49
5368,9|7|42|20|4|93|30|51|217|45
6294,15|37|113|14|109|2|80|192|78|149
4407,33|19|13|103|117|5|47|59|71|195
15192,0|12|1|66|18|28|40|73|15|20
806,3|2|17|11|23|19|29|14|5|62
5193,6|15|26|57|13|37|34|24|113|109
3300,24|9|1|49|15|37|101|7|2|34
2615,40|80|28|73|18|123|12|66|145|253
1156,39|86|51|9|205|174|78|141|97|94
23067,13|65|71|103|69|171|72|52|43|226
21941,64|88|9|51|41|156|45|42|203|118
17446,0|12|1|30|66|7|144|60|18|56
3651,16|12|55|81|80|18|15|66|53|159
11570,49|8|48|38|36|79|37|110|190|194
10871,1|21|51|30|174|7|105|39|147|97
22136,16|18|11|81|55|46|80|23|53|159
5264,6|26|15|1|24|7|2|98|10|113
7755,1|17|7|2|9|20|5|67|3|24
7228,51|98|124|39|26|105|113|137|168|225
3257,17|2|76|5|1|3|21|151|150|33
13895,12|40|73|18|66|28|16|24|42|9
7011,1|2|0|5|14|12|17|40|15|18
28015,82|173|126|96|160|84|8|115|36|223
25122,24|9|6|50|7|26|140|237|101|77
22428,1|2|0|5|14|17|31|21|95|33
19340,53|52|69|16|59|84|271|55|119|13
11119,2|1|9|11|17|22|23|14|205|29
12521,4|7|22|71|77|283|98|231|13|24
10838,8|15|126|96|48|36|38|115|106|179
12578,2|3|89|41|20|47|19|135|165|17
7394,11|46|23|29|164|107|3|62|70|114
12724,12|78|94|97|225|18|192|7|30|1
21818,44|34|8|102|36|38|48|35|45|198
28398,20|25|135|206|127|172|163|214|287|177
4476,2|1|5|17|33|14|3|76|95|59
6443,45|5|9|24|50|63|13|43|2|1
7722,1|2|5|0|14|17|33|21|31|95
9873,6|26|8|37|113|38|48|110|243|79
595,46|34|37|67|62|70|175|80|25|116
7299,6|2|87|10|26|19|14|1|54|294
171,4|85|39|12|19|1|0|185|3|61
1380,11|23|29|107|46|57|114|117|164|224
6032,22|24|101|71|77|7|98|121|4|231
10921,19|2|47|106|14|8|96|61|126|5
1267,13|71|2|57|5|19|14|43|11|33
305,35|14|8|15|2|5|104|44|40|16
7368,9|21|78|14|15|1|20|94|51|97
13874,1|2|21|61|14|0|15|5|47|19
6030,67|70|62|46|116|138|188|3|25|164
18003,5|1|16|12|40|20|0|25|17|55
7175,1|9|50|24|7|0|26|101|45|99
2654,15|1|78|124|97|101|136|143|137|105
1342,7|24|4|1|13|9|77|101|12|42
2670,20|2|9|3|102|150|17|14|1|161
10209,5|19|59|33|69|2|47|17|1|111
13039,1|30|21|0|146|89|2|199|189|95
14857,13|4|52|65|226|69|171|103|59|72
3045,71|13|57|117|196|6|249|11|231|84
4757,49|8|38|48|36|149|180|79|190|136
6560,1|0|5|16|59|53|31|2|55|18
16285,0|15|12|115|1|66|126|98|207|222
14986,1|7|30|20|89|4|22|199|56|0
27925,41|68|88|122|269|92|20|118|25|193
2724,5|2|33|1|35|69|21|14|111|47
11122,4|65|71|52|13|84|247|22|7|85
2833,2|109|113|15|6|1|26|0|14|37
4118,42|35|108|57|9|63|24|64|45|133
16990,25|13|20|43|84|4|16|82|72|26
1583,1|13|9|7|24|50|42|77|45|4
10269,24|34|22|102|7|1|37|8|2|161
12788,1|2|15|9|21|14|0|141|153|30
17248,91|105|113|6|228|233|117|143|14|11
7065,15|6|2|14|110|8|113|179|96|49
15008,1|0|7|2|15|24|30|21|9|22
2043,13|6|72|2|19|87|84|44|26|4
16616,1|2|9|5|17|45|50|63|95|21
3891,19|52|69|59|4|106|223|13|84|65
22882,2|1|14|15|0|8|5|6|19|109
9852,4|22|7|77|71|24|231|121|278|13
6977,26|1|6|10|32|0|2|54|9|50
12867,1|2|41|0|5|17|122|68|89|146
24556,11|23|29|40|107|80|114|46|123|73
13962,8|36|49|38|48|79|20|44|35|25
6795,1|2|5|14|17|31|33|0|59|21
10884,49|8|14|15|48|38|36|110|79|37
123,2|1|31|13|14|15|71|4|49|19
7855,25|51|12|20|122|66|39|145|227|86
15713,13|4|52|65|43|84|69|7|71|31
5461,1|31|5|2|59|69|17|52|13|60
27386,51|88|203|64|105|118|41|291|92|156
450,13|72|26|6|10|54|87|129|128|213
15042,72|13|87|26|128|10|129|43|108|213
24405,9|45|51|42|63|64|149|92|156|234
3716,15|2|1|14|44|12|20|8|35|25
15175,1|31|2|0|5|60|7|59|69|95
5065,9|1|5|45|13|63|42|50|17|2
863,1|60|17|5|30|20|12|21|31|16
15810,2|6|26|10|1|54|87|32|129|128
2403,3|2|11|23|29|17|70|62|19|46
24610,2|1|5|33|17|14|0|59|19|95
14136,137|78|136|97|124|94|39|105|141|147
21129,11|23|29|2|46|107|121|37|57|80
11096,143|91|228|105|78|97|136|233|124|192
24650,105|228|91|233|51|78|143|97|113|124
14162,1|2|5|21|14|0|33|17|95|47
13487,2|1|5|17|14|0|33|95|76|21
27325,16|55|40|0|5|18|81|35|69|33
7412,11|59|2|23|29|85|3|5|230|1
19093,1|2|0|5|14|15|19|21|61|59
9552,18|16|12|80|55|81|53|66|123|159
8738,2|1|5|19|14|59|33|17|0|21
19417,25|82|173|20|172|16|126|96|227|34
3230,4|71|13|65|85|52|185|7|187|77
4851,20|9|76|45|17|63|1|56|2|89
8907,11|2|3|23|29|17|46|107|5|114
3431,67|62|70|116|3|138|188|46|11|23
6655,64|9|41|45|88|63|42|92|51|118
3018,0|12|15|66|40|18|145|73|28|191
23695,19|106|2|223|59|263|126|96|85|103
25377,67|70|62|3|116|138|188|46|23|11
14110,2|15|14|1|8|61|19|96|126|0
6997,1|7|4|31|24|2|13|0|22|50
8423,1|56|7|93|30|17|31|9|4|45
182,102|20|3|22|34|1|44|70|7|62
19919,3|11|23|46|29|62|117|67|70|164
14116,26|6|9|32|7|1|24|50|10|237
14888,18|12|145|25|66|40|191|16|211|80
6010,39|51|7|4|86|22|12|46|77|80
866,13|31|19|69|1|2|5|44|43|60
462,20|9|25|92|45|12|50|17|76|5
15406,1|2|21|14|0|5|17|174|15|97
20836,5|2|1|59|33|69|17|19|31|271
12590,11|23|29|40|80|107|123|46|18|92
9284,13|71|4|65|52|72|7|213|77|226
7515,1|2|0|10|13|72|54|5|26|6
1870,9|45|63|64|42|92|149|156|183|20
3800,11|5|1|2|29|23|40|107|14|17
8609,16|40|108|81|18|57|55|80|43|212
27803,67|70|62|116|138|188|3|20|25|175
13943,0|1|12|15|2|20|30|21|66|89
11528,9|45|42|50|24|133|51|131|140|258
25656,91|105|152|97|103|78|228|162|94|137
1586,2|1|31|85|71|185|22|19|230|187
1347,3|19|44|62|2|70|8|96|17|106
6851,2|1|5|14|17|0|33|19|21|3
12952,1|2|0|5|14|17|31|21|95|33
16093,20|52|13|25|84|4|135|67|43|41
11995,1|0|15|2|21|61|12|126|115|146
706,1|21|2|5|17|95|76|47|33|19
18129,30|7|1|56|93|99|4|60|31|9
8817,8|21|31|13|4|61|49|36|44|38
884,22|0|12|4|7|121|98|18|31|299
8808,20|15|25|0|1|12|89|2|165|112
19141,20|4|7|25|89|135|99|30|84|56
27771,40|80|18|123|16|28|73|11|145|12
23038,8|49|110|48|38|37|36|79|179|190
3399,1|2|0|14|5|6|10|32|26|54
27237,40|80|28|73|18|123|12|66|145|253
10754,11|23|29|2|3|46|14|107|37|114
14601,24|101|9|7|50|22|1|77|42|37
20125,4|30|20|65|39|86|189|7|232|52
4418,20|25|8|135|38|36|172|49|206|48
6782,5|2|1|40|11|12|17|18|33|29
212,71|13|59|18|1|0|31|53|69|16
11281,22|7|4|1|24|31|121|0|299|98
23058,25|87|128|117|46|67|62|6|11|70
26646,63|8|35|9|180|45|44|36|38|104
1137,11|13|57|9|24|23|29|77|50|64
20137,8|48|38|36|49|79|14|2|44|194
20085,4|7|13|65|77|52|43|24|84|71
837,10|54|0|26|6|4|129|13|128|72
7714,9|42|7|24|4|50|77|45|131|99
6145,2|5|1|33|17|14|59|31|0|69
26123,35|8|104|44|36|48|38|79|197|180
20032,16|12|18|55|66|81|0|53|40|144
447,2|1|5|33|14|17|59|19|0|76
11013,63|64|42|156|216|45|217|9|88|20
14010,20|30|7|22|99|56|102|89|4|239
321,9|20|2|14|150|102|17|151|8|44
3797,4|84|7|52|20|89|13|280|31|25
3699,1|2|31|0|15|44|7|8|100|56
12321,2|1|15|0|8|14|36|48|38|96
23769,87|128|26|41|54|6|10|129|220|75
6132,25|67|122|62|84|13|70|52|138|20
19603,9|137|51|39|147|21|124|86|141|30
23691,41|51|118|88|269|68|64|92|108|270
2479,1|21|2|30|9|174|7|0|95|97
8627,168|16|37|80|15|18|34|81|124|78
25004,9|51|42|131|50|45|63|101|133|24
7062,2|1|5|17|33|14|59|19|76|3
12371,1|2|14|15|0|21|61|5|19|115
2285,4|7|24|22|77|13|209|178|71|57
21345,69|91|13|103|65|71|171|72|158|111
9733,9|50|24|63|45|42|99|26|131|7
482,1|9|2|14|101|50|149|141|21|174
4271,22|1|2|7|17|24|3|9|161|4
27459,57|11|45|29|198|64|23|92|43|108
2536,13|5|33|2|19|17|59|52|69|72
1743,1|17|5|31|2|7|4|52|13|76
8111,6|26|87|10|154|54|32|161|2|128
23035,34|8|36|37|48|38|25|79|20|102
13600,9|50|24|45|63|1|42|133|131|101
11350,2|19|47|14|1|21|5|61|106|17
3020,4|52|69|13|19|1|5|60|59|31
24300,91|105|78|97|228|233|168|94|143|124
9524,8|16|24|34|36|55|44|38|48|43
16304,20|25|89|122|41|227|135|172|127|67
5418,35|33|19|47|111|167|104|197|5|195
12464,24|101|9|50|7|22|42|77|140|133
9282,5|33|11|17|29|92|23|2|64|76
8046,1|0|60|2|5|59|19|31|69|21
27585,2|5|1|33|14|17|63|21|47|64
14294,5|13|33|69|2|59|72|43|1|52
7601,37|22|34|231|121|24|160|102|49|98
6346,98|7|4|22|0|10|26|15|6|147
3762,42|111|156|158|69|64|51|13|43|65
6323,1|2|9|17|0|50|5|7|45|24
5957,8|44|38|36|84|48|13|79|241|96
3557,1|2|13|5|7|17|4|33|77|24
9565,4|147|221|39|30|137|115|61|7|124
16879,2|8|49|14|1|102|44|38|37|48
20061,9|7|26|24|50|6|77|1|45|4
17959,11|23|92|29|2|5|17|3|76|67
14147,12|66|25|80|18|73|144|145|191|16
1286,1|42|9|13|24|7|50|101|51|5
16129,2|1|6|9|5|26|14|50|45|17
18983,4|7|13|65|71|98|39|77|147|137
7513,6|26|10|1|13|7|54|4|87|32
5891,2|5|9|45|64|6|17|33|1|92
20785,8|48|38|36|79|49|44|194|96|190
16281,4|7|22|30|31|24|84|77|13|98
15436,17|5|1|2|13|33|59|21|31|69
12221,13|31|4|57|43|71|160|84|7|178
861,143|91|228|105|78|97|136|233|124|192
13373,12|18|40|28|66|16|0|73|55|144
5501,41|5|33|2|122|0|68|210|1|25
858,35|43|16|69|81|104|20|55|13|166
418,1|2|5|9|26|32|33|17|64|50
9665,5|33|59|2|69|1|72|17|19|13
6730,20|8|92|35|180|150|88|64|44|183
731,1|17|31|4|30|59|3|2|95|5
13569,9|24|45|50|131|42|7|133|139|22
20539,30|68|39|21|86|89|41|95|20|146
3775,15|26|51|88|25|6|54|215|41|10
659,2|8|14|1|48|38|36|49|15|79
1916,25|16|81|55|20|53|40|52|43|72
1223,2|1|134|46|22|11|181|23|39|148
2279,7|9|24|50|42|45|93|139|63|4
27202,15|0|54|16|18|10|26|6|40|129
20883,11|92|23|67|29|62|198|205|70|183
12553,1|30|21|9|147|56|7|15|146|199
8272,11|23|29|2|46|107|114|14|57|1
2265,25|67|62|20|44|70|163|214|116|127
9949,31|52|13|1|17|5|69|43|60|4
24210,19|223|106|126|85|103|263|96|59|185
7569,22|1|3|70|2|62|9|67|175|11
19278,13|57|43|5|2|35|44|33|14|202
5361,5|9|45|64|63|33|17|92|50|42
17228,45|9|63|50|40|201|5|282|130|131
16937,4|7|31|13|22|52|24|77|84|30
1245,1|0|101|24|7|18|15|2|12|80
16583,13|43|57|202|42|255|71|108|158|285
3731,12|0|66|18|40|28|16|145|73|191
12278,7|1|31|4|13|24|22|52|93|30
22273,78|97|94|136|51|105|124|137|228|141
22487,63|45|9|180|201|8|35|42|290|48
5751,2|5|17|76|19|1|33|3|47|14
3386,2|15|57|14|44|13|1|37|8|34
11679,25|184|8|34|82|36|48|38|79|37
14934,15|0|12|16|18|34|1|2|96|66
2842,2|1|14|5|15|109|113|21|141|105
1139,1|97|105|143|78|101|124|98|137|15
17991,24|7|13|42|43|4|50|77|57|26
27547,10|26|6|54|129|32|87|128|154|0
22844,31|13|1|7|4|24|57|22|71|2
22536,1|2|5|0|17|14|33|59|95|31
16443,12|15|0|61|21|20|100|126|30|115
946,69|103|171|111|33|59|226|193|72|270
27241,2|3|1|17|11|31|23|5|19|29
4449,39|86|122|146|25|98|51|20|147|221
1149,2|15|19|0|1|126|96|106|115|82
17159,1|2|9|50|24|5|14|45|63|7
21934,85|185|187|71|19|230|3|223|59|46
14784,9|50|45|1|2|63|64|42|24|133
2624,21|1|2|9|14|137|141|30|149|61
15223,1|0|2|24|22|31|11|7|23|57
12122,26|7|6|25|9|20|24|0|54|10
22734,20|25|89|135|172|206|127|165|281|239
13680,88|41|33|64|68|5|111|197|35|92
788,87|6|26|10|71|13|75|128|213|294
17738,5|1|13|51|33|17|59|235|111|69
22930,35|8|104|48|36|44|38|79|166|194
5774,15|2|12|80|0|57|109|1|16|37
6337,2|1|5|14|17|0|33|19|21|3
16004,20|5|214|25|44|16|76|2|60|55
28034,6|26|13|24|77|7|42|71|4|57
6297,2|3|1|17|5|19|76|254|33|14
15833,1|6|7|24|2|22|101|26|77|4
661,40|11|80|16|18|23|29|57|53|123
14889,1|2|21|14|5|0|30|17|61|95
1290,41|72|122|25|88|215|51|68|0|10
18573,103|96|19|8|126|106|35|15|47|61
11392,22|1|9|7|30|24|50|56|101|139
1425,15|34|12|37|115|0|66|126|179|8
27872,8|37|38|48|36|34|79|49|44|57
5242,2|6|1|26|64|13|9|5|17|88
6774,2|15|37|1|14|49|34|11|23|8
4269,6|26|13|8|241|24|38|77|231|48
15851,4|7|52|13|65|31|84|22|77|30
13945,7|1|30|4|9|22|24|56|50|31
12836,3|1|2|22|17|11|23|70|29|46
17472,15|80|40|37|18|14|123|2|16|192
2409,20|42|63|64|88|166|9|8|13|135
1911,63|9|149|35|64|42|45|180|14|8
14744,4|52|7|20|84|13|65|60|30|89
3369,39|86|17|68|21|41|76|47|3|152
21228,1|2|9|50|45|24|5|63|17|133
11830,7|1|4|31|22|24|17|2|13|56
12768,12|18|66|0|28|40|16|73|80|144
10688,4|13|7|1|31|52|65|69|59|77
5092,5|40|16|2|18|14|33|1|35|57
4799,1|2|0|15|14|21|61|5|30|112
20208,0|12|16|40|18|55|28|66|73|60
21852,39|86|122|20|146|51|41|68|89|25
14626,1|0|30|2|7|21|12|95|31|146
7522,13|43|52|69|65|57|72|120|202|176
9239,2|1|5|14|17|0|33|19|21|3
3978,51|26|6|88|105|113|64|124|291|203
28168,25|20|145|191|211|66|12|227|268|275
8222,20|25|64|45|9|135|63|92|13|42
368,3|67|70|62|11|23|46|116|29|138
459,44|15|8|6|25|34|37|38|14|24
19541,8|20|38|36|48|25|79|102|241|6
137,13|16|39|65|4|78|69|94|61|81
14687,39|86|122|68|51|41|20|217|65|297
3444,20|25|12|66|89|30|86|92|39|172
9878,12|16|55|18|82|66|81|4|53|0
26116,11|29|23|107|2|5|17|198|45|114
15208,45|9|63|50|5|42|133|64|24|2
21,24|34|40|9|45|44|140|50|63|201
14310,9|7|1|4|122|39|22|17|50|77
548,1|2|4|7|0|31|17|5|59|52
10410,6|26|10|54|87|4|128|154|7|32
28577,20|56|76|30|17|89|93|9|45|139
677,19|44|96|15|106|8|16|3|2|4
9711,6|10|87|54|4|128|26|294|129|13
13685,1|2|0|54|10|26|125|41|87|21
9166,3|11|23|2|29|46|17|151|205|150
13800,1|31|5|0|40|16|2|53|59|18
27372,11|29|47|23|33|35|5|14|219|19
17123,12|16|31|40|7|53|55|60|0|66
7777,1|0|12|30|7|60|5|4|95|20
6427,6|8|13|37|34|38|48|36|15|82
10544,20|30|4|39|86|189|232|89|146|21
17611,6|26|9|24|50|32|45|237|1|27
141,14|47|2|21|61|8|49|35|15|44
2770,1|2|5|59|31|69|33|19|13|17
7106,2|1|5|33|17|14|59|0|19|31
8157,5|1|60|2|0|20|40|16|33|63
2978,3|62|67|70|11|17|23|116|138|29
10222,26|9|6|64|88|50|45|32|63|10
21219,64|45|218|9|88|117|156|11|92|198
4233,2|5|33|1|14|11|0|23|18|29
13289,1|9|42|5|50|63|13|7|45|43
2581,14|47|2|8|162|88|6|15|110|91
17049,8|48|36|38|79|44|96|49|194|14
13336,1|2|14|9|50|5|24|63|45|101
3549,2|1|3|22|17|24|23|11|161|70
9831,64|91|42|14|143|13|35|156|218|33
11081,52|65|13|69|43|4|111|158|84|71
3272,44|35|104|108|8|16|36|102|38|40
20724,82|173|25|16|126|15|12|98|54|55
24243,8|19|2|48|36|38|44|96|79|106
10850,0|1|18|12|16|15|40|55|2|66
4516,24|31|7|22|4|209|57|102|178|13
6657,1|20|0|12|30|2|25|17|89|3
7455,19|85|11|71|185|23|187|13|3|29
18401,6|26|54|10|32|128|154|87|129|27
6961,20|76|21|17|30|9|150|56|89|63
11015,51|26|6|42|13|108|113|88|64|72
13291,4|85|65|49|71|106|247|185|39|115
4950,6|25|26|9|108|42|24|57|64|45
3348,13|31|4|7|24|43|1|65|52|77
17120,7|4|13|26|10|1|6|77|24|65
23312,103|171|226|59|69|72|271|33|213|52
5022,5|33|103|69|47|59|2|21|14|91
27677,111|270|33|41|292|35|108|88|118|64
11985,25|20|214|92|145|191|163|40|127|211
18586,20|41|25|68|92|88|135|269|127|172
16000,1|7|4|0|31|13|10|2|24|26
708,2|1|5|17|33|14|59|19|3|76
20731,1|59|5|2|21|33|91|69|103|171
16721,122|39|51|25|86|26|220|10|54|98
5940,42|9|45|50|24|133|13|64|57|77
4392,25|8|36|20|48|38|16|34|79|184
690,68|85|41|122|187|39|185|193|3|226
7454,2|3|19|11|23|85|14|29|46|185
18267,3|19|11|85|23|17|29|62|59|70
12096,7|98|4|15|0|147|51|124|30|10
5926,25|20|44|135|19|62|67|214|172|96
13980,11|23|29|92|46|3|107|67|41|33
3003,26|6|10|88|87|54|128|220|1|154
8437,2|1|5|14|17|0|33|19|21|3
28042,51|39|122|86|25|184|41|291|227|118
12894,13|42|43|63|45|24|9|65|7|4
24751,39|86|85|152|247|185|187|137|148|147
10159,18|12|0|236|98|80|15|66|123|16
4537,78|97|143|136|105|228|124|91|137|94
6430,25|84|20|4|54|52|13|0|72|7
20654,5|2|1|59|33|69|17|19|31|271
9576,0|12|1|18|40|2|66|5|16|28
28481,10|26|54|6|129|87|128|32|154|246
15427,15|6|2|1|126|98|115|10|14|54
5512,16|55|81|35|69|159|5|18|19|53
2579,15|124|168|78|105|91|94|61|51|97
2315,16|35|81|55|47|5|25|12|61|159
9584,64|33|5|88|111|156|13|51|42|72
20931,59|52|31|69|1|4|19|5|60|271
7041,2|3|1|17|5|23|11|29|14|19
625,25|20|67|127|62|135|70|163|172|214
11459,2|1|5|19|14|31|17|33|59|3
5581,6|26|87|10|128|54|129|32|75|90
13992,4|7|13|52|56|31|43|93|65|20
1057,31|13|1|2|4|52|5|19|59|7
14669,26|10|6|7|4|54|98|154|32|129
11591,20|89|25|86|122|39|146|30|232|199
9668,88|35|64|41|197|92|8|163|47|180
9578,20|4|7|30|86|39|99|56|89|206
13267,1|31|2|7|4|0|22|230|60|13
6834,2|15|1|14|8|112|0|48|38|36
26686,9|50|45|42|63|131|24|101|133|64
7657,1|2|5|0|21|14|33|59|17|19
19091,13|69|43|65|52|72|4|60|120|31
26396,2|5|1|19|33|14|17|59|3|47
9612,2|1|17|9|6|5|24|45|26|3
18237,41|33|2|5|68|87|128|1|88|226
1175,5|17|33|2|76|3|41|68|92|59
21615,8|49|36|102|38|34|48|44|79|37
18353,1|2|0|10|54|32|5|26|6|129
1182,2|1|19|14|3|17|5|21|106|47
27601,2|1|5|33|17|14|59|0|76|19
9472,71|13|10|26|6|4|98|54|72|77
12458,24|7|22|4|98|77|57|0|31|101
8330,13|19|65|47|52|195|43|167|17|35
7133,1|2|13|31|5|59|4|52|33|69
5127,15|37|8|34|6|96|115|38|48|36
543,2|1|14|21|8|5|19|100|112|44
9648,31|4|7|1|13|24|60|56|43|2
23486,11|23|29|2|107|46|3|5|114|40
1504,1|2|17|30|21|9|5|0|39|95
24428,30|56|93|20|60|7|238|4|260|99
2977,9|149|92|45|63|14|205|180|201|35
13282,4|52|84|13|20|65|7|43|89|60
13167,11|29|23|57|5|107|80|2|123|40
7259,12|15|16|55|66|0|81|18|61|100
2062,1|2|14|0|21|5|15|17|22|61
6917,1|31|59|2|5|13|11|52|69|235
21902,0|1|18|2|72|16|5|10|59|12
18530,4|7|52|13|65|31|84|22|77|30
15720,13|72|43|69|213|52|84|117|87|65
13906,25|12|18|40|16|66|28|73|145|268
8838,11|23|29|46|2|107|181|134|3|164
18218,21|20|9|78|39|51|86|30|97|94
9501,1|2|0|15|5|14|18|19|16|21
5220,26|15|113|51|98|6|10|109|54|124
16509,103|91|19|171|162|106|223|85|47|226
9974,4|22|39|3|62|70|67|85|250|46
21038,5|2|1|59|33|69|17|19|31|271
8346,9|24|101|22|140|42|133|50|45|121
12253,7|24|9|99|22|20|140|4|50|56
13249,51|0|2|1|80|94|12|15|105|141
8877,2|1|14|5|0|59|17|91|85|19
13132,4|31|13|1|52|7|59|84|69|60
2087,2|0|1|11|39|46|5|59|12|122
5347,85|185|187|71|219|152|19|195|103|91
5001,2|1|5|17|14|33|19|21|47|76
24976,13|6|24|7|4|77|71|26|57|101
28462,40|16|108|212|35|81|18|28|92|130
17547,63|21|30|56|42|93|180|49|216|8
26573,40|16|108|212|35|81|18|28|92|130
12577,26|6|10|32|54|87|154|220|128|129
4671,20|25|16|55|81|12|66|214|172|53
14151,2|31|19|13|4|1|3|71|85|59
18458,13|4|84|52|65|43|71|72|213|280
3709,2|0|1|12|18|40|15|66|5|14
6701,2|1|5|19|0|16|14|15|55|59
1093,5|35|16|69|1|13|21|33|111|2
10545,22|7|4|24|30|99|121|31|70|278
17808,8|36|48|38|79|44|49|96|35|19
18585,39|20|86|68|122|41|67|25|89|62
4823,19|3|106|21|4|47|17|49|89|61
27506,87|128|26|41|72|129|10|54|88|25
2278,8|25|38|36|48|44|79|35|34|82
7207,25|16|18|40|128|54|129|72|41|145
14929,13|43|52|65|71|4|84|72|57|77
572,0|12|66|1|18|2|15|40|80|73
10444,1|7|2|4|17|22|31|24|99|9
5527,1|7|4|22|31|2|0|24|17|77
16608,15|0|16|7|8|1|55|13|4|31
8947,15|2|14|71|37|98|4|113|1|110
13198,4|71|13|84|82|85|115|19|7|31
3865,37|49|34|8|102|38|48|190|36|79
1455,25|20|67|43|42|208|51|65|108|62
4339,20|43|13|35|157|63|42|166|111|167
10951,5|33|41|17|68|76|88|111|64|2
7282,21|1|2|5|47|17|33|68|41|88
16107,4|30|189|52|60|89|146|69|7|0
26306,149|9|143|78|63|45|192|97|51|105
17367,1|2|5|33|14|0|72|6|10|54
5513,20|4|89|52|25|135|65|7|172|13
16358,1|2|31|59|4|19|52|5|230|69
7828,2|1|5|14|19|17|33|3|59|0
4589,2|6|15|8|14|37|34|1|38|48
23425,2|1|14|5|17|33|0|19|21|47
4800,9|26|51|7|42|6|50|88|64|217
11,51|25|88|26|15|64|41|118|122|20
23669,92|64|108|9|51|45|118|42|25|41
4608,15|2|1|14|0|8|61|5|36|48
3769,31|5|16|53|1|55|60|69|17|43
1475,21|15|1|100|0|20|112|61|2|12
11134,41|68|88|122|269|193|92|89|20|297
19993,41|51|118|88|269|68|64|92|108|270
2531,22|39|98|37|51|34|12|86|225|101
24103,40|18|16|11|28|80|12|29|23|73
18743,1|0|30|2|60|95|21|5|56|238
14741,24|22|7|4|77|57|209|13|121|71
247,3|11|23|19|29|5|17|33|62|59
17546,24|7|42|77|4|9|13|50|133|57
22877,6|26|54|10|87|128|32|129|246|154
6829,12|66|18|4|16|39|55|144|86|240
6345,3|2|23|11|17|29|70|62|67|46
25155,63|45|42|9|24|177|8|102|180|50
667,2|1|5|33|17|59|14|95|76|21
1085,67|70|62|11|23|116|29|3|46|138
2008,5|16|18|2|11|33|14|59|53|40
15348,15|49|21|78|136|97|124|101|192|143
1559,22|1|7|101|24|9|98|121|174|4
21120,13|52|69|59|31|72|43|65|84|4
8207,76|92|41|20|68|17|163|135|127|33
15206,5|1|2|33|59|69|17|72|95|0
326,30|42|51|9|7|21|86|56|93|39
2283,1|2|5|14|17|0|33|9|50|45
6394,2|1|5|14|17|0|33|19|21|3
15636,85|59|185|103|187|19|52|226|171|69
13711,11|23|29|117|46|107|6|33|3|164
13218,1|0|15|2|21|147|141|98|137|14
2430,20|44|2|4|25|8|161|3|19|96
19390,7|4|22|24|31|77|1|0|13|299
3115,13|43|57|65|84|4|52|178|71|120
3768,20|89|30|288|199|86|146|232|56|39
2347,9|50|24|45|1|7|63|99|131|56
4848,6|26|87|10|54|128|32|154|129|246
1768,26|6|24|32|22|7|140|46|1|0
8164,19|2|5|1|17|47|14|3|106|33
16023,1|2|0|21|15|14|61|5|30|91
23646,92|45|9|63|205|76|198|11|29|20
23318,8|44|38|36|102|48|79|241|49|166
9404,2|19|8|3|1|44|106|49|96|21
22564,22|121|11|23|46|29|57|114|107|70
10973,11|23|46|29|3|62|70|67|164|107
9449,11|23|29|5|107|33|2|59|3|17
15790,1|2|0|5|14|17|31|21|95|33
10656,4|7|65|13|77|71|257|24|52|22
26545,41|68|118|88|51|215|270|269|171|111
2414,8|34|15|36|48|38|16|44|37|79
3087,43|13|65|178|158|52|120|57|31|42
4776,15|37|80|12|78|168|49|153|34|94
7997,25|62|67|70|116|138|20|44|127|188
2143,19|59|2|5|33|85|3|47|17|103
1178,67|62|70|116|138|3|188|25|46|11
23247,13|71|42|57|51|158|65|43|176|208
10975,15|98|7|1|0|37|101|124|113|12
2914,11|23|29|198|45|3|92|205|9|107
10748,16|25|20|12|0|55|60|81|18|66
19085,24|7|1|77|50|13|22|9|57|4
3341,20|25|26|172|41|12|122|54|135|89
6258,2|19|59|103|85|33|5|14|1|185
6577,11|2|29|23|5|33|91|117|80|123
7034,1|2|5|14|17|0|9|21|50|95
1730,7|12|30|24|9|4|0|42|131|66
22872,2|1|5|13|14|33|17|59|31|64
2819,67|62|70|3|116|138|46|188|23|11
16757,1|2|5|0|17|59|33|31|14|95
10844,60|16|55|20|69|53|81|5|31|40
3645,11|23|29|46|3|107|114|164|70|62
10663,15|9|112|100|1|8|34|37|109|20
5666,2|3|19|14|96|161|179|46|8|15
28253,24|7|50|22|9|140|101|77|1|209
2865,88|41|64|68|118|87|51|203|193|105
20382,67|20|62|70|4|25|138|116|89|188
1668,19|8|44|96|106|36|31|102|38|115
14673,6|26|24|10|9|32|50|101|98|113
7981,2|14|19|47|87|91|3|103|105|162
8291,92|41|68|25|20|127|88|163|205|122
4564,21|61|47|19|39|106|162|126|2|86
11744,134|181|148|39|137|170|152|78|105|97
3843,19|103|85|59|195|223|47|69|171|185
16855,7|4|13|1|30|60|56|65|31|93
14247,57|25|80|40|13|16|11|108|123|46
26778,6|8|15|48|38|26|54|36|10|79
22126,1|2|9|5|17|0|45|50|95|76
3196,57|34|43|108|44|160|25|13|37|8
23551,11|29|23|107|78|80|97|46|105|51
665,2|1|5|13|31|57|33|11|59|17
10268,0|1|12|18|2|40|15|28|73|66
22069,13|65|4|52|43|71|84|208|158|77
3609,5|69|60|1|111|33|16|21|95|59
11555,12|51|80|16|18|40|66|123|78|15
6158,9|63|1|42|50|45|2|64|5|21
16545,1|0|12|15|2|30|18|21|7|66
7706,1|2|0|5|14|15|17|31|21|12
2590,2|5|1|40|17|14|0|16|33|44
11397,0|1|54|10|26|32|2|6|129|246
152,2|13|5|19|14|33|35|44|17|1
11500,13|24|57|7|77|43|4|42|71|50
8339,1|5|63|43|60|31|35|13|2|24
12525,2|1|5|0|40|33|14|16|18|59
16672,2|1|0|11|23|5|29|3|17|107
8619,0|4|1|59|12|18|226|7|52|122
6220,1|2|0|14|15|21|91|98|5|147
20645,4|65|71|7|82|13|84|98|52|39
21084,1|31|0|2|4|7|59|30|5|17
10382,6|26|54|222|10|98|160|46|277|57
11215,25|51|12|26|98|122|39|80|66|265
20190,44|20|24|40|45|16|25|34|9|2
21847,8|36|48|16|44|38|79|35|34|40
2232,33|5|2|88|64|41|14|17|1|117
14815,6|9|7|26|24|50|1|77|4|45
22386,11|85|23|29|71|46|185|3|19|187
14428,20|25|89|135|172|206|214|127|165|281
11433,51|9|113|37|101|149|124|42|78|192
18165,103|117|87|33|72|91|88|13|171|226
12432,13|4|84|52|65|43|71|72|213|280
17988,1|0|2|5|15|31|12|14|21|18
14697,39|86|147|146|122|137|221|152|51|94
11489,1|15|21|2|35|63|5|16|60|56
5200,1|0|18|2|40|5|15|28|12|16
6827,3|2|23|11|17|29|1|70|62|67
164,4|13|7|1|2|25|24|15|0|6
8540,1|2|5|31|59|17|0|33|19|14
3026,2|1|17|5|3|76|33|19|14|95
14544,4|13|7|31|24|77|71|22|57|52
28210,20|25|206|135|89|172|239|127|165|102
16755,7|4|13|31|24|0|57|18|77|1
12051,6|26|87|10|154|98|75|51|105|220
11932,41|68|88|17|76|33|2|89|122|193
12422,2|14|1|5|17|33|9|11|151|105
16883,1|9|2|14|143|63|42|149|91|50
13647,2|1|5|14|33|17|19|59|21|47
6385,1|60|7|30|56|93|31|5|69|95
15062,6|26|2|54|32|1|10|15|129|154
9545,12|18|66|40|145|191|16|211|73|0
18000,54|0|6|20|25|26|15|7|10|32
5118,13|24|7|4|77|43|42|57|50|31
6649,5|2|1|33|17|59|14|95|76|69
24413,30|21|60|4|69|189|52|39|86|95
24358,101|9|24|42|50|7|51|225|78|22
16723,8|36|48|38|96|79|19|106|126|179
14881,80|40|18|123|15|37|109|16|11|113
8108,6|26|2|1|5|32|10|33|64|54
3899,0|1|16|15|55|18|60|31|81|12
14902,0|12|16|55|18|66|53|81|60|119
12,25|20|12|145|66|191|16|211|51|227
12683,12|16|18|0|1|40|5|21|55|81
2029,1|7|26|0|9|32|6|50|10|99
16020,2|1|21|19|61|14|15|8|106|96
16819,9|45|63|50|42|282|64|133|201|131
18313,13|16|35|19|5|33|72|69|59|47
6967,2|1|5|14|17|0|33|19|21|3
7731,1|2|5|0|14|17|33|21|31|95
3851,19|1|2|5|0|16|12|17|3|59
25426,2|5|33|1|17|14|59|19|76|117
7951,1|2|0|6|15|22|26|32|109|98
7786,8|35|15|21|61|14|36|48|38|47
13204,15|1|153|21|141|78|2|94|61|49
18979,7|4|22|1|24|31|77|2|9|13
594,2|11|23|29|3|46|14|17|1|107
14109,1|10|2|91|103|87|171|105|15|14
15014,11|23|29|107|46|114|164|92|78|224
14671,13|4|1|71|2|19|31|65|15|14
23803,4|52|7|13|65|84|77|71|31|280
5113,4|7|22|24|70|67|62|121|160|116
9557,42|49|101|13|124|78|15|143|136|192
5459,1|2|11|23|5|29|0|46|17|9
19254,1|2|5|17|95|21|59|33|0|76
3879,67|70|62|116|138|46|3|188|11|23
20179,9|50|45|24|1|63|42|133|131|282
18032,9|136|149|78|49|137|97|141|217|63
9405,2|5|33|1|54|26|6|10|117|17
15287,78|97|94|137|141|136|124|51|105|153
14531,0|1|12|30|66|60|7|18|238|199
4657,3|2|11|23|17|29|70|62|67|1
1130,1|2|31|5|17|0|7|4|22|3
8323,1|2|0|21|14|30|147|15|221|17
2993,1|9|141|174|51|2|78|153|97|94
8047,7|20|4|30|99|56|24|9|131|42
9051,9|24|50|45|22|140|101|237|133|1
25146,51|42|108|40|80|145|9|16|18|118
12448,25|67|20|62|122|70|116|138|227|188
18978,4|7|22|20|25|98|39|77|12|24
1695,1|0|31|13|2|7|72|4|59|5
2466,9|50|24|6|26|45|42|237|133|282
18155,7|1|4|30|22|0|24|31|15|56
4007,1|2|24|7|0|22|140|99|6|34
16038,37|8|49|34|38|36|48|15|79|110
9720,42|13|43|63|45|24|50|9|133|142
718,2|1|14|0|5|17|15|11|3|21
5570,1|5|59|69|53|31|2|17|11|16
24187,9|42|217|64|51|156|45|88|63|50
21318,6|26|87|10|128|54|129|32|75|90
8099,6|113|15|26|109|37|105|98|10|243
10500,60|1|0|20|12|69|5|30|95|52
2410,1|2|9|14|24|49|101|37|15|42
10710,2|44|3|17|5|19|76|8|102|20
7505,8|36|48|38|20|44|79|25|112|100
26323,40|18|16|28|73|12|55|66|80|81
17006,40|18|16|28|73|12|55|66|80|81
16,2|14|8|49|47|1|19|21|38|48
22077,37|34|22|207|160|204|0|98|15|115
745,0|1|12|18|15|66|28|2|10|98
5273,1|21|56|30|100|20|60|112|63|2
19124,7|4|98|147|39|51|137|77|221|86
7286,5|2|1|19|21|33|17|47|59|95
1434,20|15|34|8|36|100|112|48|38|79
19373,9|45|198|50|63|102|282|24|183|133
12225,6|26|10|87|54|128|13|4|154|294
10016,39|86|4|147|51|146|221|137|152|122
6016,6|161|67|25|62|26|3|70|138|87
5524,46|67|62|70|11|23|116|138|164|3
22801,52|13|4|65|84|43|69|31|7|72
17210,49|57|14|8|143|37|71|13|110|42
11102,15|12|18|0|66|16|170|39|80|215
13764,1|2|21|9|30|0|14|7|101|50
5199,1|5|17|30|95|7|59|60|21|4
11899,16|40|81|35|108|18|55|159|80|145
11379,26|6|32|10|9|54|27|113|154|220
15219,19|3|1|2|106|126|89|0|31|59
1619,12|18|30|0|4|94|39|78|225|7
6395,2|1|5|17|21|14|0|33|95|76
25758,16|55|53|18|40|81|119|28|12|66
6787,2|1|15|14|8|49|6|37|110|179
8112,16|12|40|18|55|81|25|5|66|0
10285,108|64|88|51|118|92|42|43|13|41
7988,2|1|14|5|21|17|0|91|33|47
6665,1|0|15|21|2|12|61|14|30|94
32,11|23|70|46|67|62|116|80|29|12
7869,25|20|172|135|214|34|26|6|287|8
1387,4|7|39|52|84|65|86|122|98|189
20246,98|7|4|22|0|10|26|15|6|147
339,11|46|96|19|16|35|106|49|23|44
1143,2|14|49|3|17|44|150|13|8|4
1757,80|123|105|78|2|51|97|11|91|1
25739,26|6|54|32|25|10|265|27|80|145
13151,1|4|0|10|7|72|54|13|226|59
24147,11|23|3|29|59|19|5|33|85|17
9194,2|6|26|1|10|87|14|113|32|154
5555,1|9|0|50|30|7|56|2|63|45
23734,5|33|11|2|40|29|23|14|64|80
19310,1|2|5|0|14|21|19|17|59|31
6878,2|6|8|44|13|38|14|48|36|72
3955,44|8|15|36|35|48|38|2|79|16
8512,11|23|12|46|29|80|18|2|114|1
10948,89|20|30|60|189|232|21|4|146|199
6269,2|1|5|14|17|0|33|19|21|3
12286,44|15|8|34|16|36|37|38|40|48
13970,13|24|57|50|1|2|42|9|45|77
27107,43|13|16|57|40|108|81|55|120|72
19123,13|117|71|72|43|57|6|84|52|65
2715,13|4|7|65|43|31|56|60|30|42
121,25|2|20|0|15|1|3|89|12|96
654,20|41|25|68|92|269|210|21|12|5
255,13|6|72|82|8|26|84|54|36|38
2878,62|70|49|67|160|102|138|3|116|46
25800,18|16|40|12|28|0|66|55|73|80
14605,42|13|65|4|7|9|77|93|63|43
1270,43|13|24|42|63|45|50|142|157|93
6884,15|0|16|1|2|40|18|5|14|12
1939,11|23|29|78|2|1|14|80|97|107
17711,51|9|78|12|94|141|97|192|124|80
22911,22|101|121|7|225|174|136|134|137|4
6313,2|5|1|45|9|63|33|14|17|50
6167,49|149|8|150|136|47|151|38|48|78
20821,26|6|10|54|129|32|2|87|128|72
21743,37|34|51|15|113|149|109|192|80|145
3012,21|61|69|60|35|16|78|65|94|55
8296,2|1|5|14|17|0|33|19|21|3
2388,2|1|6|5|14|26|33|32|10|27
1091,1|91|21|2|59|103|97|152|105|14
15273,1|2|0|5|14|17|31|21|95|33
6975,2|1|71|13|31|14|57|117|5|59
16359,1|0|12|40|9|28|73|66|2|50
1981,49|2|14|110|19|3|179|219|136|106
4207,8|102|44|38|48|36|79|9|63|177
